,seqdist,RMSD
0,2.987445788632732,1.3852569415665141
1,3.7676329605113,1.7055636137588064
2,2.043369093814197,1.6089825942809788
3,1.7091988130563796,1.3812836717778694
4,1.7763067792741394,1.0680066307501033
5,2.32914859621091,1.450968711147949
6,5.039488701209769,3.885054910899298
7,1.282812143346269,0.9237463738085374
8,0.7619265007989042,0.681376916701202
9,1.9675873088336007,1.432019270617489
10,2.0725861675416586,1.599507874015749
11,2.8984250171193793,2.2813820969747214
12,1.9456745035380052,1.4613603398259425
13,0.08217301985848031,0.6450062163282224
14,5.197443506048848,2.0087546622461656
15,3.3654416799817404,2.538727724823871
16,4.699840219128053,1.5778077082469952
17,0.019630221410637153,0.36534915043514204
18,2.5861675416571575,2.0869975134687118
19,1.8708057521113908,1.4628885205138833
20,2.4985163204747782,2.142012018234562
21,2.320931294225064,1.8764142146705358
22,1.8858708057521114,1.6429082055532527
23,2.955946131020315,3.0677838789888128
24,5.888153389637069,4.103584749274764
25,5.777676329605113,3.5329620803978448
26,1.411093357680896,0.9659241607956903
27,0.058434147454920315,0.6275849564857028
28,1.234421364985164,1.7031185246581024
29,4.812143346267976,1.4512743472855367
30,2.6395800045651674,1.7177890592623286
31,0.3574526363843864,0.9075476585163691
32,3.5252225519287843,3.3321591380024884
33,3.838393060944989,2.254486116866972
34,2.9175987217530253,1.5013986738499792
35,2.1136726774708974,2.341592416079571
36,4.519059575439398,2.0121166597596347
37,2.557406984706687,1.434464359718193
38,4.851860305866242,2.6093296726067154
39,1.8379365441679976,1.6734718193120595
40,2.572928555124401,1.3928978450062157
41,0.07212965076466488,0.9796777869871529
42,1.6347865784067566,1.1920949026108576
43,2.5907327094270713,1.6196798590965602
44,2.3889522939968035,1.6716380024865307
45,2.609449897283726,1.0744249896394535
46,0.04291257703720601,0.7816255698300862
47,0.7532526820360648,0.3943845835060096
48,0.31317050901620697,0.41394529631164534
49,2.0570645971239445,1.4534138002486532
50,1.4215932435516998,0.9008236634894327
51,1.60054782013239,0.9002123912142552
52,1.1143574526363855,1.3473580605055955
53,3.682264323213879,2.7068276004973066
54,0.8655558091759888,1.0677009946125153
55,2.2373887240356076,1.97666286779942
56,0.7025793197900017,0.6355314960629923
57,5.3316594384843645,0.9362774554496471
58,0.039260442821274305,0.7932397430584326
59,2.8797078292627245,1.4240727310401995
60,4.997945674503539,2.3272275176129313
61,3.3480940424560615,2.427170534604228
62,0.39032184432777955,0.5331433899709899
63,5.549417941109335,2.5619560712805636
64,1.1362702579319783,1.0970420638209706
65,1.1632047477744816,0.9161054703688358
66,3.176443734307235,2.709883961873188
67,3.434832230084456,0.7348632407791134
68,2.9545765806893414,1.996223580605056
69,1.478657840675644,1.0221612101118933
70,0.8920337822414982,0.5349772067965184
71,3.52157041771285,1.1285225859925405
72,3.168226432321389,1.1927061748860348
73,0.10682492581602519,0.3772689598010779
74,1.2293996804382563,1.3060971819312062
75,2.165259073270943,2.2043617903025297
76,0.8988815338963705,0.7681775797762116
77,2.5916457429810538,1.3345213427268963
78,3.7799589134900713,1.0029061334438456
79,1.9114357452636386,1.157863655200994
80,2.785208856425473,1.3232128056361379
81,0.35699611960739525,0.5640126398673841
82,1.9420223693220735,1.598285329465396
83,0.10089020771513518,1.1551129299627023
84,1.4051586395800058,0.5918255283878988
85,2.4195389180552382,1.4335474513054296
86,0.9509244464734071,0.5621788230418574
87,5.665373202465191,4.229201201823458
88,0.3058662405843409,0.5200010360547029
89,0.03149965761241715,0.27763157894736906
90,2.8185345811458573,1.2458868628263564
91,0.04382561059119088,0.8931827600497311
92,1.878566537320248,1.59125569830087
93,1.4088107737959374,0.7018545379196028
94,3.3421593243551717,1.8125362619146292
95,2.375256790687059,1.3589722337339418
96,4.407669481853459,1.6765281806879408
97,1.6402647797306553,1.2309106920845427
98,2.798447842958229,0.9335267302113555
99,4.2748230997489145,1.4518856195607124
100,1.9899566309061871,1.2168514297554907
101,2.2236932207258633,1.0221612101118933
102,0.6582971924218222,0.7804030252797352
103,0.09541200639123633,0.8638416908412756
104,5.594156585254509,2.732501036054705
105,2.306322757361332,2.112059676750931
106,4.288975119835653,2.7089670534604244
107,0.6363843871262268,0.5374222958972241
108,4.481168682949099,1.4741970576046417
109,1.142661492809862,0.8580346042271025
110,0.9153161378680671,1.3128211769581426
111,1.5179182834969185,1.024911935350187
112,5.961196073955717,3.548855159552427
113,2.06117324811687,1.0606713634479894
114,3.392832686601232,1.6734718193120595
115,0.5423419310659664,1.0881786158309161
116,3.7708285779502404,2.928108164111066
117,0.5441679981739336,1.5438820969747196
118,0.6240584341474557,0.9225238292581845
119,3.6347865784067563,1.5316566514711978
120,1.0385756676557862,0.6428667633651061
121,2.8016434603971696,1.918286365520099
122,2.4505820588906646,1.2868421052631582
123,5.097009815110707,1.3226015333609622
124,1.6215475918740005,1.020327393286365
125,4.016434603971697,1.4408827186075435
126,0.36201780415430296,1.0041286779941982
127,0.7322529102944542,1.7080087028595106
128,2.3889522939968035,1.598590965602984
129,0.19036749600547892,0.7886552009946124
130,1.717872631819219,0.9879299627020302
131,3.96439169139466,2.2697679237463753
132,2.4793426158411322,2.6891007045171977
133,3.340333257247204,2.1728812681309564
134,3.3225291029445345,2.524362826357231
135,0.8363387354485273,0.5725704517198509
136,1.7534809404245617,0.9448352673021139
137,2.0913033553983107,1.4191825528387898
138,3.251312485733852,2.1588220058019076
139,0.9322072586167548,0.7730677579776213
140,3.425245377767634,1.2015696228760875
141,1.3622460625428,1.5438820969747196
142,0.2163889522939972,0.7235547036883547
143,2.473407897740242,0.989152507252383
144,4.646427756220042,2.4568172399502712
145,2.5633417028075796,1.187815996684625
146,3.2417256334170275,1.2773673849979281
147,3.136270257931978,1.2281599668462493
148,2.412691166400366,1.095819519270618
149,2.6500798904359737,0.9329154579361798
150,2.525450810317279,0.9271083713220067
151,1.189682720839991,1.265447575631994
152,2.4446473407897744,1.0842053460422714
153,4.290344670166629,1.9243990882718616
154,3.123944304953207,2.1643234562784914
155,1.1184661036293084,0.7956848321591383
156,1.2257475462223246,1.268198300870286
157,1.7680894772882911,1.0759531703273926
158,1.9251312485733858,1.3806723995026937
159,1.306551015749829,1.1052942395358478
160,1.9639351746176663,1.361111686697058
161,2.103629308377082,1.585448611686697
162,5.506048847295139,1.321990261085785
163,5.951152704861904,2.3360909656029842
164,0.20360648253823493,1.0246062992125993
165,2.104998858708058,1.5668048072938245
166,3.906870577493722,1.6658309158723577
167,0.7418397626112759,0.7470886862826351
168,1.3480940424560615,0.8076046415250726
169,4.985163204747773,0.6991038126813092
170,1.6279388267518842,1.2581123083298802
171,1.6014608536863721,1.1703947368421055
172,2.099064140607168,1.4421052631578946
173,3.7137639808262963,2.1291753004558647
174,1.1677699155443955,1.0218555739743056
175,1.3366811230312727,1.1300507666804813
176,1.496005478201323,1.3656962287608783
177,2.311800958685231,2.034428097803564
178,1.270942707144489,0.9359718193120594
179,0.41040858251540785,0.525808122668876
180,2.9372289431636625,1.5264608371322002
181,1.9296964163432997,0.7865157480314962
182,2.6436886555580927,1.7728035640281805
183,5.648482081716503,1.0832884376295064
184,5.775393745720154,2.034122461665976
185,3.4320931294225065,1.008407583920431
186,5.381419767176443,4.377740364691255
187,4.164802556493952,1.6230418566100293
188,2.5286464277562195,0.8112722751761294
189,2.1488244692992464,1.678667633651057
190,1.9055010271627486,1.2388572316618323
191,3.251769002510843,1.4497461665975964
192,1.6594384843643013,1.6811127227517608
193,0.0808034695275043,0.41241711562370464
194,2.2309974891577267,1.3589722337339418
195,0.33325724720383526,0.47262743472855423
196,3.7142204976032875,1.5988966017405715
197,1.6283953435288754,1.1606143804392877
198,2.1072814425930164,1.3656962287608783
199,3.228943163661265,1.9604641525072535
200,1.847066879707831,1.5457159138002483
201,1.6726774708970547,1.2101274347285542
202,3.4462451495092448,1.0255232076253626
203,2.404017347637527,1.958935971819311
204,5.425701894544625,1.6783619975134692
205,1.5087879479570878,1.1000984251968502
206,1.9799132618123718,2.079662246166598
207,4.2866925359506975,2.3143907998342304
208,1.2855512440082184,1.264530667219229
209,2.8619036749600544,0.8867644011603806
210,1.2111390093585952,1.332687525901368
211,4.858708057521114,2.6640385412349783
212,1.1951609221638897,1.0722855366763373
213,2.7235790915316147,2.285966639038542
214,0.23191052271170892,0.32653336096145835
215,5.288746861447159,2.4959386655615425
216,2.5473636156128743,1.2434417737256525
217,4.46062542798448,1.849823870700374
218,0.2912577037206115,0.4148622047244087
219,1.7206117324811685,1.2636137588064655
220,3.944304953207032,1.5185142975549106
221,1.6060260214562887,1.5836147948611683
222,1.3179639351746177,1.0438613758806472
223,1.1440310431408354,0.7874326564442595
224,1.3951152704861904,0.43747927890592575
225,2.811686829490985,1.8158982594280983
226,1.6334170280757832,1.1254662246166591
227,0.08125998630449803,1.2400797762121833
228,0.2113672677470895,1.338494612515541
229,3.1198356539602843,1.377004765851637
230,5.273681807806436,1.4396601740571906
231,4.240127824697558,1.3785329465395775
232,5.926500798904359,2.197026523000416
233,0.07121661721068259,0.2868006630750096
234,0.509929239899567,0.4940219643597184
235,1.393745720155217,0.8901263986738497
236,0.9997717416115057,0.9072420223787814
237,4.120976945902761,3.60020203066722
238,3.8598493494635933,1.2342726895980103
239,3.4202236932207266,1.0961251554082057
240,1.9949783154530922,1.1991245337753835
241,2.8728600776078523,1.4231558226274343
242,2.8367952522255186,1.6814183588893488
243,2.7272312257475466,0.8491711562370499
244,1.035836566993837,0.9842623290509731
245,0.4282127368180778,0.4176129299627023
246,2.2232367039488694,1.3690582262743476
247,5.153161378680666,2.76000828843763
248,0.009130335539830569,0.7926284707832572
249,3.312485733850719,1.1352465810194787
250,0.09860762383017689,1.0698404475756316
251,1.0719013923761707,0.9747876087857448
252,2.081716503081489,1.3076253626191467
253,0.06802099977174203,0.28404993783671784
254,1.0212280301301075,0.870565685868214
255,4.201780415430267,1.1007096974720258
256,3.1152704861903677,1.2205190634065477
257,3.3047249486418617,1.5209593866556148
258,3.4384843643003875,1.2984562784915046
259,2.544624514950925,2.025564649813511
260,2.038803926044283,1.1007096974720258
261,5.157726546450583,2.81043825113966
262,3.895914174845927,2.1441514711976803
263,1.2065738415886786,0.6407273104019898
264,3.6270257931978995,2.4956330294239546
265,1.7575895914174846,1.1584749274761714
266,3.347181008902077,1.7783050145047659
267,1.11024880164346,1.2018752590136752
268,0.0844556037434386,0.48454724409448835
269,1.1860305866240592,1.250165768752591
270,4.738187628395345,0.8323611686697059
271,2.6003195617438957,1.657273104019893
272,3.5179182834969183,1.9867488603398273
273,2.850947272312257,1.9812474098632404
274,5.810545537548506,3.2927320762536256
275,2.129650764665603,1.2562784915043517
276,0.054325496461994874,0.4787401574803152
277,2.9783154530929012,1.1395254869457112
278,0.42866925359506897,0.5740986324077916
279,0.6569276420908462,0.7223321591380019
280,2.5637982195845708,1.4876450476585164
281,0.20451951609221722,0.866898052217157
282,0.9833371376398091,1.1532791131371738
283,4.038803926044283,2.219643597181933
284,0.1853458114585712,0.5435350186489851
285,4.971467701438029,1.5521342726895986
286,1.847066879707831,1.7666908412764195
287,1.7397854371148145,1.4194881889763775
288,1.0326409495548963,0.9720368835474513
289,0.28212736818078094,0.7327237878159971
290,2.6395800045651674,1.746518856195608
291,1.0865099292399,0.9812059676750935
292,5.194704405386899,2.845280770824699
293,0.8153389637069168,0.4964670534604224
294,3.0152933120292174,1.8088686282635724
295,1.1709655329833386,0.8940996684624944
296,5.542570189454463,1.8923072938251144
297,0.6619493266377539,0.9457521757148772
298,1.5539831088792522,1.367224409448819
299,2.3086053412462904,1.1829258184832152
300,2.7938826751883123,1.847684417737256
301,3.406528189910979,1.6022585992540408
302,1.8817621547591885,1.1572523829258186
303,5.3188769687286,2.191525072523829
304,2.485733850719013,1.2957055532532127
305,1.612873773111161,1.1774243680066316
306,0.7847523396484819,0.8348062577704098
307,2.235106140150652,1.1138520513883128
308,3.1399223921479127,1.748047036883547
309,2.605797763067792,0.973259428097804
310,3.663547135357224,2.791183174471612
311,0.7254051586395793,0.8497824285122253
312,1.361333028988815,1.0438613758806472
313,1.5841132161606932,1.1881216328222128
314,2.5186030586624066,0.8039370078740156
315,3.8548276649166855,1.8391266058847908
316,2.5377767632960526,1.6062318690426853
317,1.2914859621091084,0.6676232905097393
318,3.847523396484822,2.1157273104019882
319,3.916000913033555,2.575709697472028
320,2.607623830175759,1.0255232076253626
321,2.3976261127596428,1.1444156651471193
322,0.90162063455832,1.2403854123497728
323,1.3960283040401726,0.6141369664318281
324,1.5352659210225974,0.3332573559883967
325,3.7151335311572695,1.0301077496891828
326,5.652134215932436,2.8767612929962727
327,2.4428212736818073,1.4683899709904686
328,4.503994521798677,1.7679133858267724
329,1.0636840903903224,0.841835888934936
330,4.115042227801871,1.1734510982179869
331,5.883131705090162,3.1762847078325747
332,1.4891577265464506,0.5499533775383338
333,3.8219584569732947,1.038054289266474
334,3.6781556722209534,0.7370026937422296
335,1.3987674047021221,1.3800611272275183
336,0.7756220041086513,0.5805169912971403
337,0.19812828121433607,0.7315012432656443
338,2.098151107053186,0.6856558226274344
339,1.8849577721981292,1.166421467053461
340,2.2246062542798457,1.4800041442188148
341,3.638895229399682,2.0689649813510154
342,3.8406756448299473,1.4121529216742637
343,2.2163889522939972,2.040235184417739
344,1.085140378908924,0.9072420223787814
345,4.4272997032640955,1.4506630750103613
346,3.970782926272541,1.4558588893493571
347,2.289431636612647,1.1010153336096153
348,5.546678840447386,2.6637329050973904
349,2.7267747089705554,1.0973476999585585
350,3.2467473179639352,1.2795068379610444
351,2.264323213878111,0.858340240364692
352,3.6713079205660812,2.065602983837546
353,1.5959826523624758,2.280159552424367
354,5.961196073955717,1.1034604227103195
355,1.8041543026706222,1.016659759635308
356,0.24423647569048265,0.5783775383340239
357,5.344441908240127,1.2483319519270624
358,0.963706916229172,0.7966017405719017
359,0.7669481853458119,1.126688769167012
360,3.527961652590734,1.5869767923746374
361,0.18625884501255346,0.42983837546622417
362,5.327094270714448,1.172228553667634
363,5.663090618580233,1.533796104434314
364,2.718557406984707,1.7657739328636561
365,2.61994978315453,1.078703895565686
366,3.0655101574982893,1.4075683796104435
367,3.641634330061629,1.227243058433486
368,1.6904816251997274,1.3540820555325321
369,1.943391919653047,0.9047969332780774
370,5.193334855055922,2.20711251554082
371,4.1949326637753925,1.7330708661417318
372,1.178269801415202,0.9323041856610026
373,2.250627710568364,1.8241504351429756
374,1.473636156128739,0.6184158723580605
375,1.5019401963022156,1.2813406547865729
376,2.1511070531842047,1.2183796104434315
377,3.5261355854827667,1.5273777455449653
378,2.668340561515635,1.0139090343970163
379,3.2682036064825395,1.2917322834645664
380,0.18808491212052061,0.8510049730625782
381,3.4462451495092448,1.4561645254869466
382,1.7324811686829484,1.4359925404061336
383,4.412234649623375,0.976927061748861
384,0.7619265007989042,0.5325321176958143
385,2.8929468157954807,1.9629092416079559
386,1.5421136726774722,1.4757252382925825
387,4.027391006619494,2.3580967675093256
388,2.264779730655102,1.3693638624119353
389,3.0586624058434144,2.0735495234148353
390,5.904131476831773,2.284438458350603
391,1.6279388267518842,1.2663644840447574
392,2.9509244464734072,1.7511033982594284
393,3.8721753024423644,2.352900953170326
394,2.711253138552841,0.5034966846249485
395,1.882675188313171,1.6126502279320343
396,0.8797078292627245,0.5563717364276826
397,2.762383017575895,1.3656962287608783
398,0.5240812599863053,0.6544809365934524
399,0.5140378908924899,0.6300300455864069
400,0.04747774480712259,0.5957987981765436
401,3.7452636384387135,2.160655822627435
402,3.3841588678383925,1.203403439701616
403,3.546222323670395,1.5417426440116033
404,1.4215932435516998,0.9824285122254464
405,2.1821501940196306,1.2825631993369255
406,0.16845469070988348,0.6006889763779533
407,0.2328235562656938,0.681376916701202
408,2.503994521798677,1.5988966017405715
409,1.1517918283496926,0.7752072109407375
410,1.5603743437571334,1.0524191877331122
411,0.5829719242182142,0.4955501450476591
412,1.9780871947044045,0.9650072523829252
413,1.074183976261129,0.7290561541649401
414,1.7082857795023974,0.7116348943224207
415,2.8052955946131015,1.070451719850809
416,2.497146770143802,0.7431154164939906
417,2.774252453777675,1.2168514297554907
418,3.1686829490983803,1.246192498963946
419,0.3099748915772664,0.8491711562370499
420,1.5028532298561978,1.637712391214257
421,0.8532298561972151,0.4197523829258185
422,4.464734078977402,2.0689649813510154
423,2.4642775622004116,1.2602517612929964
424,1.5334398539146328,1.4243783671777874
425,5.510157498288061,1.1924005387484453
426,3.7151335311572695,1.5166804807293823
427,0.20954120063912493,0.5417012018234566
428,4.286236019173704,1.7294032324906765
429,0.20543254964619947,0.40966639038541286
430,1.901848892946817,0.8430584334852889
431,5.047706003195617,2.339758599254041
432,2.6902533668112305,2.0738551595524233
433,2.0671079662177596,1.126688769167012
434,3.86761013467245,1.9143130957314543
435,3.9949783154530922,0.9680636137588066
436,0.19356311344441948,0.29535847492747636
437,2.0164346039716965,1.8406547865727316
438,4.062999315224834,1.3149606299212606
439,3.968956859164574,1.3537764193949444
440,3.914174845925588,1.4760308744301702
441,1.8370235106140154,0.5120544964774134
442,1.8721753024423642,1.137691670120183
443,2.0515863958000455,0.2
444,0.7760785208856426,0.8302217157065896
445,0.8952293996804388,0.593964981351015
446,1.7785893631590977,1.389230211355159
447,4.21182378452408,1.3137380853709077
448,0.03195617438940829,0.870565685868214
449,5.237616982424105,1.7526315789473692
450,5.271855740698471,1.0591431827600504
451,1.073270942707144,1.3907583920430995
452,0.8902077151335311,0.4582625362619143
453,2.055238530015977,1.5811697057604643
454,2.694818534581147,1.214100704517199
455,0.4496690253366821,0.5230573974305842
456,0.7445788632732253,0.7357801491918767
457,2.188084912120521,1.3494975134687117
458,1.756220041086511,1.4955915872358059
459,0.17028075781785063,1.307319726481559
460,1.3421593243551715,1.350414421881475
461,1.1052271170965549,0.9445296311645262
462,2.042912577037206,1.349191877331124
463,4.235106140150649,1.7737204724409454
464,0.1698242410408595,0.7024658101947783
465,5.186943620178042,2.466597596353087
466,0.0,0.2901626605884787
467,0.24971467701438152,0.7015489017820133
468,1.1225747546222338,1.14594384583506
469,1.737046336452865,1.5127072109407376
470,2.7085140378908914,1.7776937422295902
471,4.560146085368636,2.8303046000828838
472,2.219584569732938,2.2459283050145036
473,1.5708742296279399,1.290509738914215
474,0.39716959598265184,0.38307604641525106
475,2.7929696416343304,1.7801388313302944
476,1.5202008673818768,0.7321125155408197
477,1.7671764437343087,1.3660018648984662
478,4.212280301301072,1.8507407791131374
479,4.0324126911663996,2.233397223373394
480,2.7842958228714907,1.3718089515126395
481,1.4015065053640716,0.9301647326978864
482,3.790915316137869,2.0741607956900143
483,1.0116411778132857,1.126688769167012
484,1.5544396256562434,0.9194674678823052
485,0.809860762383018,1.0548642768338161
486,4.921250855968957,2.1744094488188987
487,2.444190824012783,1.119659138002486
488,0.9294681579548054,0.7620648570244506
489,5.875370919881305,2.303387898881063
490,0.6418625884501256,0.7113292581848327
491,3.516548733165945,2.203444881889763
492,1.4097238073499199,1.0640333609614583
493,0.029673590504452594,0.2501243265644422
494,2.3944304953207025,1.4268234562784914
495,1.3722894316366128,1.1236324077911306
496,4.234193106596667,2.0075321176958143
497,5.306094498972838,2.075994612515541
498,0.7144487559917843,0.7559521342726898
499,0.09358593928326918,0.7889608371322001
500,1.878566537320248,1.5900331537505188
501,2.29947500570646,2.0665198922503127
502,3.1116183519744363,1.7902248238707
503,3.351289659895002,1.4256009117281403
504,2.7614699840219132,1.6493265644426034
505,2.858708057521114,1.5771964359718198
506,2.2136498516320477,1.4414939908827191
507,3.590504451038577,2.153931827600496
508,2.3405615156356987,1.228771239121425
509,3.741154987445788,1.7746373808537088
510,0.3743437571330741,0.6281962287608784
511,4.49942935402876,1.827206796518857
512,5.623830175758958,1.8923072938251144
513,3.1065966674275285,1.997751761292998
514,2.1278246975576356,1.0090188561956064
515,1.933348550559234,1.0438613758806472
516,2.7833827893175087,1.4937577704102776
517,2.5181465418854154,1.9167581848321602
518,2.3181921935631147,1.6098995026937424
519,2.1077379593700076,1.6367954828014921
520,1.055010271627483,0.8708713220058018
521,2.9792284866468837,2.2187266887691663
522,1.3115727002967366,1.2409966846249485
523,3.8406756448299473,2.2972751761293004
524,0.864642775622004,0.718664525486945
525,1.232595297877197,1.0438613758806472
526,3.8059803697785894,1.6215136759220885
527,4.335996347865785,0.8345006216328221
528,2.8468386213193337,0.9925145047658521
529,1.8698927185574086,1.3730314960629921
530,1.9817393289203389,1.4265178201409037
531,1.7329376854599423,1.1471663903854128
532,3.7256334170280763,1.6670534604227107
533,2.7587308833599637,1.2431361375880647
534,1.943391919653047,1.5359355573974303
535,1.682264323213879,1.2171570658930786
536,2.4204519516092207,1.2299937836717778
537,1.664460168911209,1.6224305843348537
538,2.6409495548961432,2.0866918773311243
539,3.112074868751427,1.6392405719021959
540,2.5231682264323205,1.3977880232076256
541,1.1527048619036748,1.059754455035226
542,5.499657612417257,5.385728346456693
543,3.0134672449212503,2.0130335681724016
544,3.6110477060031965,1.3112929962702036
545,3.1549874457886333,2.022202652300042
546,4.234649623373659,1.2358008702859509
547,3.834740926729057,1.2718659345213428
548,1.1828349691851185,0.6440893079154573
549,5.095183748002739,1.4583039784500629
550,0.8614471581830634,0.46193016991297126
551,1.2590732709427064,1.1606143804392877
552,1.184204519516092,1.2892871943638622
553,0.17941109335768118,0.5346715706589305
554,0.8929468157954805,1.0615882718607543
555,4.981054553754851,2.5986324077911327
556,5.737502853229857,1.592783878988811
557,4.655101574982882,3.153667633651057
558,1.6055695046792977,1.2293825113966022
559,2.0789774024195395,2.1013624119353516
560,3.9552613558548266,1.9742177786987145
561,4.206345583200182,2.5258910070451734
562,1.7434375713307462,1.3320762536261923
563,3.6836338735448524,2.2615157480314982
564,4.553754850490756,1.7978657273104017
565,0.5418854142889753,0.9787608785743895
566,1.5069618808491207,1.8519633236634903
567,0.44875599178269726,0.6636500207210947
568,2.162063455832002,1.3494975134687117
569,2.2501711937913726,0.9897637795275587
570,2.4058434147454912,1.6557449233319521
571,3.9680438256105917,1.2856195607128054
572,3.082857795023968,1.7104537919602163
573,1.3727459484136038,0.883708039784501
574,2.1314768317735675,1.309764815582263
575,2.988815338963708,1.8217053460422714
576,2.41725633417028,1.077786987152921
577,3.602830404017348,1.999891214256113
578,0.8856425473636171,0.9307760049730618
579,2.6920794339191976,1.6841690841276422
580,0.33919196530472523,0.571347907169498
581,2.2688883816480248,2.0854693327807694
582,2.258388495777221,1.020021757148777
583,4.3611047706003205,1.9237878159966844
584,3.469070988358822,1.547244094488189
585,1.3544852773339426,0.7672606713634482
586,2.075325268203608,1.0386655615416496
587,2.7696872860077613,1.2874533775383337
588,1.7402419538918057,1.8296518856195607
589,2.652362474320932,2.037790095317033
590,3.1581830632275736,2.048792996270204
591,4.422278018717188,1.1037660588479072
592,4.824012782469756,1.2538334024036477
593,2.0986076238301767,1.4265178201409037
594,3.4891577265464506,1.902698922503108
595,1.6932207258616767,1.404512018234562
596,1.0225975804610834,0.7437266887691678
597,2.3907783611047706,1.7327652300041438
598,3.8548276649166855,2.5741815167840856
599,0.9102944533211594,0.68626709490261
600,0.9614243323442137,0.7904890178201409
601,0.11321616069390633,0.4732387070037298
602,0.6560146085368639,1.0239950269374218
603,1.0855968956859177,0.8571176958143392
604,2.0050216845469078,1.7498808537090755
605,3.70052499429354,1.7862515540820552
606,3.5188313170509007,1.1340240364691259
607,1.7548504907555351,1.2208246995441354
608,4.751883131705092,1.4396601740571906
609,4.730883359963478,3.3572213012847074
610,3.5868523168226427,1.5105677579776213
611,3.98813056379822,0.8329724409448815
612,2.195389180552387,1.2675870285951103
613,1.9685003423875829,1.5389919187733117
614,1.7448071216617222,1.6771394529631163
615,1.2335083314311792,1.0322472026523009
616,1.8219584569732947,0.8684262329050978
617,0.9299246747317965,0.8305273518441774
618,0.19219356311344607,0.44970472440944936
619,1.2814425930152928,0.9008236634894327
620,3.486418625884501,1.7770824699544148
621,1.0367496005478218,0.7895721094073775
622,3.7420680209997728,1.7581330294239546
623,3.419310659666744,1.2159345213427275
624,2.731796393517463,1.6814183588893488
625,2.0182606710796636,3.1176025694156673
626,3.0070760100433693,1.5267664732697879
627,3.246290801186944,1.6829465395772896
628,0.8660123259529799,0.7504506837961042
629,1.2713992239214802,0.9919032324906747
630,2.140607167313398,0.991291960215499
631,4.853686372974206,1.7584386655615423
632,4.169367724263866,1.5420482801491913
633,2.183063227573613,1.9778854123497713
634,2.986989271855741,1.8235391628678002
635,4.551015749828806,1.6062318690426853
636,1.5338963706916238,0.9460578118524652
637,3.030814882446929,2.0701875259013662
638,4.829490983793655,3.3052631578947387
639,3.790915316137869,2.385298383754663
640,5.927413832458344,2.268239743058433
641,0.00867381876283943,2.6683174471612108
642,3.5380050216845467,1.360194778284293
643,2.6272540515863962,2.0912764193949442
644,3.3325724720383474,3.668358889349359
645,1.9520657384158864,1.374559676750933
646,4.325952978771969,1.4888675922088694
647,0.8701209769459028,1.0460008288437632
648,2.251997260899337,1.2364121425611265
649,0.2661492809860755,0.7217208868628262
650,1.0203149965761251,1.1352465810194787
651,0.039260442821274305,1.6905874430169912
652,4.331887696872859,1.368446953999172
653,4.158411321616071,1.459832159138002
654,2.3227573613330286,1.2449699544135933
655,2.652818991097923,1.5490779113137172
656,1.6713079205660812,1.3531651471197688
657,3.044053868979685,1.9045327393286362
658,3.3289203378224155,1.8061179030252803
659,3.789545765806893,2.2361479486116873
660,2.3939739785437113,1.553051181102362
661,1.969413375941565,0.8959334852880227
662,3.9977174161150417,1.7587443016991302
663,3.4804839077836114,1.8027559055118114
664,0.2926272540515875,0.8396964359718198
665,3.285094727231227,1.5603864484044758
666,3.2248345126683398,1.708619975134688
667,3.0326409495548963,1.7896135515955245
668,0.27847523396484924,1.2666701201823451
669,1.4028760556950475,1.1282169498549528
670,3.8931750741839775,2.465680687940324
671,3.681351289659894,1.454636344799006
672,1.5243095183747997,1.1982076253626184
673,3.8123716046564704,1.3479693327807711
674,1.4996576124172574,0.7794861168669702
675,1.8986532755078762,1.1013209697472033
676,1.013923761698244,0.7446435971819312
677,3.056379821958456,1.5185142975549106
678,4.029217073727459,2.794850808122669
679,2.3040401734763765,1.8116193535018659
680,4.603058662405842,1.0524191877331122
681,2.826751883131706,2.0863862411935363
682,0.8386213193334857,0.5615675507666801
683,3.0390321844327772,2.2832159138002486
684,0.7737959370006842,1.2758392043099875
685,1.834740926729057,1.4515799834231247
686,2.979685003423875,2.1731869042685443
687,0.5322985619721536,0.8338893493576465
688,2.264779730655102,1.5093452134272685
689,0.7993608765122113,1.1025435142975544
690,5.017119379137185,1.957407791131372
691,5.363615612873773,2.1948870700372978
692,2.774708970554669,2.1117540406133433
693,5.574526363843872,2.052460629921261
694,2.148367952522255,1.7388779527559066
695,1.5311572700296745,1.3947316618317442
696,0.4871034010499893,1.222658516369664
697,4.959598265236247,1.3476636966431834
698,3.485049075553528,2.1792996270203067
699,5.513353115727002,2.2492903025279727
700,3.8977402419538913,2.313473891421467
701,4.608993380506735,1.1648932863655201
702,0.02465190595754487,0.9980159552424375
703,4.421364985163206,2.965090136759222
704,2.391691394658753,2.2878004558640685
705,1.9091531613786803,1.2801181102362198
706,2.4501255421136734,1.4219332780770833
707,1.4220497603286935,0.7189701616245345
708,2.050216845469072,1.143498756734356
709,1.9552613558548269,1.053336096145877
710,5.345811458571103,1.7654682967260666
711,3.965304724948642,1.648715292167426
712,2.9007076010043376,1.2688095731454614
713,1.957087422962794,1.1810920016576885
714,2.325039945217987,1.496508495648571
715,0.09404245606026031,0.4438976377952762
716,1.8196758730883364,1.0588375466224624
717,0.46656014608536983,0.5398673849979281
718,1.731111618351975,0.8323611686697059
719,3.608308605341247,2.037484459179445
720,1.9872175302442376,1.5444933692498968
721,1.2234649623373663,1.3641680480729377
722,3.185117553070074,1.465639245752175
723,0.13102031499657632,0.5863240779113135
724,2.503538005021686,2.045125362619147
725,3.9360876512211833,2.1410951098217987
726,2.4957772198128287,1.7040354330708658
727,3.796393517461768,1.857159138002486
728,2.614471581830631,1.9326512639867388
729,3.222551928783384,2.2495959386655606
730,1.7922848664688422,1.675916908412765
731,1.1919653047249492,1.0408050145047658
732,5.015293312029217,2.0649917115623704
733,4.200867381876283,1.9357076253626202
734,2.448755991782697,0.9955708661417317
735,0.69892718557407,1.8754973062577707
736,3.0015978087194704,1.4121529216742637
737,1.2042912577037204,1.1175196850393698
738,0.010499885870806582,0.4148622047244087
739,1.3777676329605115,1.5032324906755075
740,1.3129422506277102,1.3024295482801491
741,2.3277790458799363,1.8843607542478251
742,1.986761013467244,1.9155356402818071
743,2.946815795480484,2.423808537090759
744,2.7998173932892025,2.701020513883135
745,2.523624743209314,1.0802320762536268
746,3.6439169139465872,1.579335888934936
747,0.9175987217530254,1.0606713634479894
748,2.718557406984707,2.300331537505182
749,1.645286464277563,0.9368887277248243
750,2.0721296507646647,1.0175766680480731
751,1.1317050901620644,1.1349409448818892
752,1.6402647797306553,1.7128988810609203
753,0.9942935402876069,0.8977673021135513
754,1.1800958685231693,0.7956848321591383
755,5.148139694133758,2.719664318276004
756,1.134900707601005,1.5640540820555329
757,3.042684318648712,2.3006371736427695
758,3.1458571102488024,1.953740157480315
759,5.6137868066651455,2.149347285536676
760,3.559917826980142,1.8434055118110235
761,3.7224377995891356,1.9097285536676338
762,5.263181921935632,2.421057811852465
763,0.03195617438940829,0.5511759220886867
764,0.8345126683405628,0.8011862826357239
765,1.3115727002967366,0.7030770824699539
766,1.6434603971695958,1.5640540820555329
767,5.394202236932208,2.0601015333609625
768,1.7945674503538005,0.9827341483630343
769,3.1257703720611745,1.2446643182760055
770,4.9837936544168,2.266100290095318
771,0.39899566309061896,0.553315375051803
772,2.994750057064598,1.5365468296726075
773,1.265007989043599,0.9011292996270204
774,5.205204291257703,3.012463738085371
775,2.3159096096781564,1.370892043099876
776,1.4540059347181018,1.184453999171156
777,5.702807578178499,2.1909138002486532
778,2.0862816708514034,1.928677994198094
779,1.9995434832230088,1.0924575217571486
780,2.301757589591418,2.1572938251139653
781,3.570417712850949,2.0668255283879007
782,4.122346496233737,2.046347907169498
783,3.7014380278475225,1.374559676750933
784,3.331659438484365,1.251082677165354
785,5.554896142433234,1.974523414836302
786,3.7836110477060028,2.6667892664732715
787,1.3211595526135584,0.966535433070866
788,1.4015065053640716,2.028315375051805
789,3.9698698927185587,1.5518286365520106
790,3.569504679296964,1.7449906755076674
791,2.491212052042912,1.141053667633652
792,5.0413147683177355,2.049709904682967
793,2.927642090846838,2.4195296311645262
794,3.1695959826523628,1.6309883961873188
795,3.8858708057521114,2.5537038955656866
796,4.746404930381193,2.568680066307502
797,0.015065053640720569,0.7791804807293823
798,1.5023967130792066,1.2575010360547048
799,4.854599406528191,2.4011914629092415
800,2.3314311800958682,1.8369871529216746
801,0.00273910066194943,0.4338116452548688
802,3.9429354028760555,2.043291545793617
803,3.7767632960511306,1.9112567343555746
804,1.6242866925359498,0.9051025694156651
805,1.626112759643917,1.187815996684625
806,5.28007304268432,1.417654372150849
807,5.9219356311344455,2.881957107335268
808,4.275279616525909,2.167379817654373
809,0.40401734763752667,0.5517871943638621
810,1.0399452179867623,1.1838427268959804
811,1.649851632047477,1.3342157065893085
812,1.115727002967359,1.7633288437629504
813,2.96279388267519,1.3687525901367599
814,0.10682492581602519,0.5047192291752997
815,5.569048162519973,1.9448767094902606
816,0.09221638895229316,1.5775020721094073
817,1.5768089477288298,0.9656185246581024
818,1.1148139694133765,0.7862101118939084
819,3.0152933120292174,1.8758029423953582
820,2.6665144944076706,1.3345213427268963
821,0.963706916229172,0.9478916286779935
822,1.3905501027162763,1.161531288852051
823,2.535037662634103,1.8400435142975542
824,2.375256790687059,1.9167581848321602
825,3.906870577493722,2.4152507252382938
826,3.049532070303584,2.3981351015333607
827,5.543483223008446,2.0949440530460013
828,1.584569732937687,1.3418566100290101
829,5.897740241953891,2.5604278905926248
830,0.009586852316824303,0.42861583091587296
831,0.3647569048162524,0.4900486945710737
832,2.9742068020999786,1.2003470783257364
833,5.011184661036292,1.5548849979278903
834,2.007304268431866,1.7281806879403234
835,3.680894772882903,1.5548849979278903
836,4.537776763296052,1.7721922917530046
837,4.308148824469299,1.514541027766266
838,3.7228943163661268,3.2805066307501036
839,2.8450125542113667,1.691809987567344
840,1.1326181237160466,1.748352673021135
841,2.410865099292399,1.4696125155408215
842,3.8041543026706224,2.0286210111893923
843,4.433234421364985,1.4017612929962702
844,2.0200867381876284,0.7614535847492752
845,3.061858023282355,1.807034811438044
846,3.6051129879023063,1.7663852051388316
847,1.018945446245149,1.0780926232905106
848,1.392376169824241,1.4338530874430175
849,1.5115270486190373,1.3980936593452133
850,1.5882218671536188,1.2856195607128054
851,4.133302898881535,2.1979434314131794
852,2.237845240812599,0.9249689183588887
853,4.053868979685004,1.796031910484873
854,2.730426843186487,2.1487360132615003
855,0.737731111618353,0.731806879403232
856,4.1287377311116185,1.647187111479487
857,1.5055923305181473,1.0997927890592625
858,0.026934489842503163,0.39927476170741766
859,1.3476375256790678,1.527683381682553
860,2.2122803013010746,1.5542737256527148
861,5.707372745948413,2.355957314546208
862,2.1753024423647584,0.8063820969747197
863,1.7872631819219371,0.7562577704102775
864,0.9915544396256575,1.4396601740571906
865,3.553526592102261,1.541131371736428
866,4.057521113900935,1.6169291338582685
867,1.6754165715590041,1.3436904268545387
868,2.701209769459028,1.6374067550766676
869,3.548048390778362,1.1630594695399916
870,2.4505820588906646,1.5707780770824709
871,4.390321844327779,1.7822782842934106
872,0.8048390778361102,0.9540043514297563
873,0.14243323442136518,1.5441877331123093
874,0.05249942935403031,0.7495337753833409
875,1.8781100205432542,0.7956848321591383
876,5.316137868066651,3.340411313717365
877,0.9080118694362012,1.2015696228760875
878,3.1075097009815105,1.7232905097389137
879,2.993837023510613,1.550606092001658
880,2.2109107509700983,1.626098217985909
881,0.19356311344441948,0.5481195607128053
882,4.168911207486874,1.4524968918358898
883,3.7530244236475707,1.4757252382925825
884,3.50057064597124,1.9418203481143812
885,3.956630906185803,1.8504351429755495
886,1.7603286920794339,1.0698404475756316
887,2.72860077607852,1.162753833402404
888,0.467016662862361,0.6679289266473272
889,4.367952522255193,2.746560298383757
890,3.622460625427985,1.3537764193949444
891,4.906642319105227,1.9891939494405297
892,2.7139922392147904,2.3791856610029
893,1.8666971011184654,1.180480729382511
894,0.8774252453777688,0.8620078740157473
895,3.620634558320018,1.708619975134688
896,0.975576352430952,0.8592571487774554
897,3.1225747546222338,2.4647637795275603
898,5.044053868979685,3.7090084956485696
899,1.086966446016891,0.7981299212598425
900,3.345354941794112,1.415209283050145
901,2.9879023054097233,2.2043617903025297
902,0.14060716731339803,0.5750155408205548
903,2.525450810317279,1.386479486116867
904,2.326409495548963,2.222699958557811
905,2.8806208628167096,1.6074544135930384
906,2.485277333942022,2.189691255698302
907,0.061629764893860885,0.85864587650228
908,2.792513124857339,1.857159138002486
909,3.9534352887468622,2.470570866141732
910,4.057977630677927,2.4384790716949865
911,2.595297877196988,1.5377693742229586
912,2.8450125542113667,1.1859821798590964
913,2.38758274366583,0.866898052217157
914,0.9102944533211594,0.68626709490261
915,1.1892262040629997,1.0346922917530048
916,4.048390778361105,2.894488188976378
917,2.4204519516092207,2.2379817654372145
918,0.7395571787263177,0.6963530874430174
919,5.434832230084456,0.628807501036054
920,0.5838849577721991,0.8348062577704098
921,0.8057521113900951,1.1199647741400756
922,3.623830175758959,1.8788593037712396
923,0.9774024195389192,0.9420845420638202
924,2.8358822186715362,1.6963945296311644
925,4.3282355626569275,2.284744094488191
926,2.7842958228714907,1.5203481143804392
927,2.823556265692765,1.954045793617903
928,2.0283040401734764,1.2055428926647322
929,3.4133759415658513,1.4014556568586825
930,5.233051814654188,1.557635723166184
931,5.693220725861677,2.7123290509738935
932,2.193106596667428,1.3531651471197688
933,1.252225519287834,1.0545586406962284
934,1.7420680209997728,1.1098787815996682
935,2.6473407897740246,1.2431361375880647
936,1.0531842045195157,0.8143286365520108
937,0.06847751654873316,0.4270876502279323
938,1.404702122803012,1.0542530045586407
939,5.206573841588678,2.2171985080812275
940,1.878566537320248,1.1523622047244086
941,2.1748459255877646,0.8247202652300043
942,2.3469527505135823,1.324129714048901
943,4.455603743437572,2.384075839204312
944,4.984706687970783,3.2511655615416517
945,5.373658981967589,2.380408205553255
946,2.1935631134444193,1.3366607956900125
947,3.023510614015066,1.44760671363448
948,4.688883816480257,1.1150745959386656
949,1.7101118466103644,0.9002123912142552
950,3.5069618808491207,2.0790509738914227
951,2.270257931979001,1.3400227932034816
952,5.571787263181922,1.4845886862826352
953,1.1271399223921477,1.0316359303771236
954,0.5971239443049524,1.0845109821798593
955,2.6190367496005478,1.8709127641939503
956,4.840447386441453,1.0863447990053878
957,3.9128052955946147,1.6719436386241187
958,2.572928555124401,1.0686179030252805
959,5.640264779730655,2.039929548280151
960,1.5996347865784075,0.7797917530045579
961,0.9559461310203149,1.034386655615417
962,0.051129879023054305,0.2592934106920845
963,1.4457886327322536,1.1908723580605063
964,0.7094270714448765,0.7214152507252385
965,0.4076694818534584,1.1581692913385837
966,3.5083314311800966,1.3797554910899306
967,2.963706916229172,2.233397223373394
968,0.37890892490299066,0.5954931620389556
969,1.7037206117324808,0.5872409863240785
970,2.233280073042685,1.3724202237878167
971,2.2679753480940428,0.76053667633651
972,0.24149737502853322,0.5630957314546208
973,2.386669710111848,1.1025435142975544
974,1.852545081031727,1.4983423124740995
975,4.4825382332800725,2.219643597181933
976,1.8991097922848674,1.4408827186075435
977,2.821273681807807,1.5894218814753416
978,3.5781784980598035,1.004739950269374
979,1.7936544167998183,1.1395254869457112
980,2.700296735905046,1.840349150435144
981,2.1387811002054335,1.2400797762121833
982,2.391234877881762,1.7706641110650643
983,3.916457429810546,1.81864898466639
984,1.3654416799817404,1.3284086199751355
985,4.685688199041314,1.2532221301284703
986,5.096096781556722,2.3177527973476995
987,3.225747546222325,2.061324077911314
988,0.6026021456288513,0.6006889763779533
989,5.8023282355626575,2.503273932863656
990,1.1919653047249492,0.9671467053460432
991,0.02921707372745886,0.37299005387484363
992,3.3887240356083095,2.840390592623291
993,3.694133759415659,1.8599098632407796
994,0.49942935402876043,0.7146912556983003
995,0.014152020086738291,0.307889556568586
996,4.6404930381191525,1.486116866970576
997,3.77950239671308,2.4195296311645262
998,3.4179411093357683,2.3895772896808953
999,1.2481168682949113,1.2370234148363037
1000,5.5229399680438265,1.065561541649399
1001,4.931750741839764,1.999279941980937
1002,2.1638895229399693,1.3311593452134272
1003,0.2305409723807355,1.8718296726067136
1004,2.6099064140607173,1.4952859510982182
1005,1.9968043825610595,1.5230988396187328
1006,2.5628851860305857,1.8293462494819732
1007,0.9057292855512454,0.6471456692913385
1008,4.210454234193107,1.73979486116867
1009,2.1077379593700076,1.5347130128470792
1010,0.7518831317050914,1.5258495648570245
1011,0.012782469755764874,1.0933744301699138
1012,1.4476146998402206,1.3339100704517208
1013,2.423647569048164,1.5124015748031499
1014,2.5181465418854154,1.6817239950269385
1015,3.0417712850947267,1.2953999171156232
1016,2.2917142204976026,1.502315582262744
1017,1.228943163661265,1.3788385826771654
1018,2.7546222323670406,1.4940634065478653
1019,1.5781784980598033,1.0612826357231666
1020,3.916000913033555,0.9970990468296723
1021,4.247888609906414,1.345829879817655
1022,0.15384615384615405,0.7201927061748856
1023,2.7874914403104314,1.608065685868214
1024,0.6263410180324139,0.9864017820140911
1025,1.4393973978543724,0.8974616659759636
1026,1.676329605112989,1.207987981765438
1027,1.9310659666742758,1.682029631164526
1028,2.8934033325724715,1.4515799834231247
1029,3.740698470668797,2.3690996684624963
1030,1.9041314768317752,1.3030408205553248
1031,2.504907555352659,2.1190893079154574
1032,1.8635014836795247,0.7580915872358058
1033,1.9730655101574994,0.976927061748861
1034,1.614243323442137,0.5737929962702037
1035,0.6117324811686845,0.6367540406133452
1036,1.4686144715818312,2.4925766680480734
1037,1.1517918283496926,1.5133184832159132
1038,1.2417256334170275,1.0478346456692917
1039,2.541428897511984,1.883749481972648
1040,2.780643688655559,1.2743110236220467
1041,2.936772426386669,1.0887898881060918
1042,0.7532526820360648,0.6566203895565685
1043,3.2846382104542333,1.4408827186075435
1044,2.6341018032412684,1.2370234148363037
1045,2.0515863958000455,1.520653750518027
1046,1.4635927870349235,0.8977673021135513
1047,0.4930381191508793,0.5863240779113135
1048,3.742524537776764,2.071410070451721
1049,2.013238986532756,1.0673953584749276
1050,2.2679753480940428,0.8885982179859091
1051,4.282127368180781,2.4335888934935785
1052,2.179411093357681,1.2162401574803152
1053,1.3038119150878795,0.7345576046415254
1054,1.584569732937687,1.1979019892250307
1055,4.659666742752796,1.0897067965188567
1056,0.9112074868751443,0.590602983837546
1057,2.9230769230769242,1.6502434728553665
1058,2.1611504222780202,1.4295741815167848
1059,5.343072357909154,1.5078170327393294
1060,3.341702807578178,1.3012070037297963
1061,0.03697785893631601,0.4567343555739737
1062,1.5503309746633205,0.8806516784086196
1063,2.012782469755765,1.0783982594280983
1064,0.48755991782698044,0.7418928719436393
1065,1.3038119150878795,0.6734303771239125
1066,2.523624743209314,0.8173849979278904
1067,0.28714905272768865,0.470487981765438
1068,4.931750741839764,2.1921363447990045
1069,3.7087422962793886,1.2804237463738095
1070,4.9751198356539605,1.8507407791131374
1071,0.6414060716731345,0.8158568172399498
1072,3.2837251769002513,0.9949595938665561
1073,2.736361561287377,1.3109873601326159
1074,4.7012097694590285,1.8794705760464152
1075,0.8929468157954805,0.6633443845835052
1076,1.1403789089249037,0.7302786987152929
1077,3.765350376626342,1.384034397016163
1078,2.2981054553754863,0.8720938665561546
1079,2.741383245834285,2.371239121425611
1080,3.7863501483679523,1.258417944467468
1081,2.325039945217987,1.3403284293410695
1082,2.4747774480712184,1.502621218400332
1083,1.5663090618580233,1.4338530874430175
1084,5.595526135585482,1.94823870700373
1085,4.945446245149508,1.4094021964359718
1086,0.002282583884958291,1.2639193949440533
1087,3.1695959826523628,1.5735288023207628
1088,3.9055010271627486,1.8235391628678002
1089,2.2360191737046344,1.0212443016991302
1090,0.7413832458342848,0.600994612515541
1091,2.5501027162748238,1.4671674264401158
1092,0.7039488701209776,1.3742540406133452
1093,1.5087879479570878,0.7556464981351019
1094,1.4686144715818312,0.7501450476585165
1095,1.4435060488472953,1.1126295068379617
1096,1.662634101803242,1.0961251554082057
1097,0.5154074412234658,0.7535070451719856
1098,2.8167085140378902,1.670109821798592
1099,3.944761469984023,1.278589929548281
1100,1.8607623830175755,0.7874326564442595
1101,3.074183976261129,1.460749067550767
1102,0.663775393745721,0.5737929962702037
1103,3.3339420223693232,1.4252952755905506
1104,0.9792284866468837,0.7250828843762955
1105,5.280986076238301,1.6184573145462076
1106,4.732252910294454,1.0942913385826771
1107,1.1595526135585499,0.8800404061334439
1108,1.6959598265236262,0.6688458350600905
1109,1.5316137868066655,1.2538334024036477
1110,1.2184432777904586,0.6086355159552428
1111,3.5261355854827667,1.1982076253626184
1112,1.1559004793426155,1.0233837546622464
1113,0.0451951609221643,0.23606506423539186
1114,2.4327779045879945,1.617540406133444
1115,0.6131020314996579,0.6349202237878167
1116,1.4836795252225519,0.57593244923332
1117,3.20109564026478,1.6288489432242024
1118,0.535037662634103,0.8739276833816831
1119,1.7219812828121446,1.4069571073352678
1120,1.8635014836795247,0.9778439701616244
1121,0.8632732252910306,0.6174989639452955
1122,1.9858479799132618,1.3268804392871947
1123,2.09404245606026,1.4708350600911726
1124,2.154759187400136,1.7789162867799413
1125,3.6955033097466323,0.9121322005801913
1126,2.594384843643003,1.356527144633236
1127,1.3791371832914876,0.6991038126813092
1128,1.2955946131020313,1.1019322420223787
1129,1.2823556265692777,0.5499533775383338
1130,3.319333485505594,1.5151523000414417
1131,5.795937000684776,1.3962598425196848
1132,3.70052499429354,1.2040147119767932
1133,1.7009815110705313,0.8678149606299221
1134,0.009586852316824303,0.26143286365520074
1135,4.1369550330974665,1.8993369249896404
1136,5.639351746176673,5.217017198508082
1137,0.9669025336681125,0.7562577704102775
1138,0.05797763067792658,0.8170793617903027
1139,0.6555580917598728,0.43320037297969327
1140,1.7165030814882456,1.3467467882304183
1141,2.4642775622004116,2.0955553253211767
1142,4.392147911435747,1.5830035225859929
1143,2.25793197900023,1.2999844591794452
1144,4.145628851860306,2.397218193120597
1145,1.3179639351746177,0.7122461665975963
1146,0.6057977630677919,0.43106092001657703
1147,5.742524537776764,2.695824699544136
1148,3.305637982195847,1.3005957314546206
1149,1.4873316594384836,1.46197161210112
1150,1.77356767861219,1.585448611686697
1151,2.555124400821731,1.6811127227517608
1152,0.9961196073955714,0.8400020721094075
1153,3.222551928783384,1.5197368421052637
1154,2.750057064597124,1.6542167426440115
1155,1.0426843186487118,0.6624274761707418
1156,0.6236019173704644,1.2697264815582265
1157,1.8986532755078762,3.6381009117281407
1158,3.88541428897512,2.1435401989225045
1159,2.246975576352432,1.0985702445089096
1160,0.2410408582515421,0.49096560298383707
1161,2.149737502853231,0.9500310816411115
1162,2.210454234193107,0.9329154579361798
1163,0.8787947957087423,1.2675870285951103
1164,1.2321387811002058,2.371239121425611
1165,2.2720839990869655,1.62457003729797
1166,2.5487331659438475,1.2553615830915867
1167,0.5140378908924899,0.7153025279734775
1168,0.5797763067792736,0.4824077911313721
1169,3.1422049760328683,2.1695192706174873
1170,2.358365669938371,1.233050145047659
1171,4.200867381876283,2.0252590136759236
1172,2.146085368637297,1.603175507666804
1173,0.49623373658981984,0.9295534604227107
1174,1.191508787947958,0.8641473269788651
1175,2.885642547363617,3.0002382925818494
1176,3.6233736589819676,1.6328222130128471
1177,2.109107509700981,1.6294602154993783
1178,5.1800958685231695,2.782930998756735
1179,5.494635927870349,3.141442188147536
1180,2.5537548504907552,2.817773518441774
1181,5.08331431180096,3.013075010360547
1182,1.5097009815110702,1.377004765851637
1183,2.231910522711709,1.6633858267716535
1184,1.828349691851176,1.1859821798590964
1185,0.5368637297420675,1.1404423953584746
1186,3.6649166856882003,1.9308174471612105
1187,1.4498972837251765,1.8458506009117293
1188,0.031043140835426013,1.2437474098632402
1189,5.8959141748459265,3.949238499792789
1190,2.9235334398539154,2.007226481558227
1191,1.4572015521570425,2.1496529216742637
1192,0.4396256562428667,0.8467260671363439
1193,2.456060260214563,0.9695917944467471
1194,2.79570874229628,2.1948870700372978
1195,4.995206573841589,3.440048694571074
1196,1.9246747317963946,2.2068068794032323
1197,3.006162976489387,1.1581692913385837
1198,3.4731796393517453,1.6942550766680482
1199,0.6843186487103405,0.48790924160795746
1200,0.15384615384615405,0.9815116038126812
1201,4.750513581374116,2.102279320348115
1202,1.0212280301301075,0.8815685868213847
1203,1.77356767861219,1.1129351429755494
1204,2.903446701666287,1.0215499378367179
1205,3.209769459027619,1.2889815582262745
1206,2.2898881533896382,0.737613966017405
1207,3.7890892490299017,2.633169291338584
1208,3.5626569276420916,1.582697886448405
1209,4.149737502853231,1.6566618317447155
1210,3.3051814654188556,1.5707780770824709
1211,2.2191280529559467,1.2247979693327802
1212,4.881533896370692,1.835458972233734
1213,2.0657384158867838,1.5463271860754255
1214,1.3736589819675886,1.8525745959386657
1215,0.7103401049988588,0.7467830501450474
1216,0.6765578635014833,1.0435557397430593
1217,2.826751883131706,1.5402144633236645
1218,0.8235562656927651,1.1233267716535429
1219,3.345811458571103,2.089442602569418
1220,2.147454918968273,1.3913696643182767
1221,0.4158867838393067,0.35801388313302995
1222,5.758959141748461,2.4332832573559906
1223,1.5124400821730195,1.1178253211769575
1224,0.5167769915544392,1.138914214670534
1225,2.3711481396941334,1.5273777455449653
1226,2.160237388724035,1.1425818483215908
1227,0.8148824469299256,1.8681620389556568
1228,0.6980141520200877,0.6541753004558646
1229,1.3047249486418617,0.9714256112722757
1230,0.01095640264779772,0.7871270203066718
1231,0.02510842273453601,0.6679289266473272
1232,0.22643232138781266,0.6116918773311223
1233,0.48892946815795646,0.5597337339411517
1234,4.2593015293312035,1.5539680895151269
1235,0.8655558091759888,1.001989225031082
1236,0.8199041314768334,0.5575942809780354
1237,0.020999771741613164,0.6896290924160792
1238,0.5149509244464747,1.124243680066308
1239,1.5676786121889994,0.5511759220886867
1240,0.9513809632504009,1.0545586406962284
1241,1.0691622917142212,0.5212235806050558
1242,0.16115042227802007,1.0637277248238706
1243,5.637069162291715,2.177771446332368
1244,4.398082629536637,1.9950010360547046
1245,5.532983337137639,5.474057190219643
1246,5.149965761241726,4.149430169912973
1247,3.2682036064825395,1.7150383340240365
1248,5.926044282127368,4.104501657687527
1249,5.538461538461537,2.7392250310816433
1250,5.927413832458344,2.6267509324492333
1251,5.680438256105912,3.8502123912142556
1252,4.255649395115271,3.2508599254040638
1253,4.882903446701667,3.794892250310818
1254,3.1531613786806663,3.607842934106922
1255,3.7671764437343063,2.081496062992125
1256,5.933805067336225,4.931247409863241
1257,5.430723579091533,2.5983267716535448
1258,5.551700524994294,3.5595524243680066
1259,4.766491668568821,2.8950994612515535
1260,4.327779045879937,1.2003470783257364
1261,3.9347181008902075,1.9195089100704519
1262,3.9114357452636384,1.3421622461665978
1263,2.658297192421822,2.069576253626191
1264,4.226888838164804,2.7178305014504773
1265,5.565852545081032,2.3599305843348524
1266,5.880849121205204,3.826678408619975
1267,5.173248116868295,3.199207418151679
1268,5.00114129194248,3.310764608371322
1269,4.733165943848436,2.883485288023207
1270,5.1266834056151565,1.332687525901368
1271,5.405615156356997,3.0509738914214672
1272,5.335768089477288,3.0848995026937427
1273,3.6352430951837476,4.635697264815583
1274,4.776991554439625,4.7616193535018665
1275,2.7829262725405175,1.546632822213013
1276,5.273225291029445,2.775595731454621
1277,4.007304268431866,2.219643597181933
1278,3.2905729285551235,1.706174886033982
1279,3.770372061173249,2.237064857024451
1280,2.577950239671309,1.5175973891421475
1281,2.228258388495777,1.1813976377952764
1282,4.642319105227116,4.183355781185249
1283,4.265692764209084,3.9966121011189415
1284,4.4880164346039715,1.4301854537919605
1285,3.5069618808491207,1.1985132615002079
1286,4.976945902761925,2.92566307501036
1287,3.3444419082401273,1.2984562784915046
1288,2.786578406756449,1.3033464566929143
1289,5.237160465647113,3.180257977621219
1290,4.765578635014836,3.1114898466639045
1291,3.417028075781786,1.351942602569416
1292,3.723807349920109,1.6639970990468294
1293,4.680666514494408,2.299414629092415
1294,3.818762839534354,1.9867488603398273
1295,3.429354028760557,1.5946176958143392
1296,5.517918283496918,1.2816462909241606
1297,4.224149737502854,1.2119612515540827
1298,4.429582287149054,3.0133806464981348
1299,1.7936544167998183,1.2480263157894744
1300,3.675873088335995,1.8855832987981762
1301,5.78817621547592,5.971632822213015
1302,2.707144487559918,1.6001191462909246
1303,2.8938598493494627,2.2065012432656443
1304,1.5183748002739095,1.9824699544135949
1305,1.4325496461994975,1.1740623704931625
1306,3.2120520429125774,2.463541234977206
1307,3.244921250855968,0.9588945296311644
1308,5.746176671992695,3.489867384997928
1309,5.336681123031273,3.034163903854125
1310,4.824012782469756,4.830693120596768
1311,4.443277790458798,1.193928719436386
1312,4.110477060031957,3.4492177786987144
1313,4.003195617438941,2.7104952341483637
1314,3.2038347409267294,1.416431827600498
1315,4.907098835882219,2.1346767509324485
1316,5.693220725861677,2.000808122668876
1317,3.516548733165945,3.041193535018651
1318,4.338735448527734,1.2721715706589305
1319,3.695959826523626,2.620943845835062
1320,4.398082629536637,3.2218244923331962
1321,5.145857110248802,1.1862878159966843
1322,4.112759643916915,1.807034811438044
1323,3.4581145857110247,2.4662919602154996
1324,4.328692079433918,2.224533775383341
1325,4.2748230997489145,1.860826771653543
1326,5.735676786121889,5.178812681309574
1327,3.3837023510614017,1.675916908412765
1328,4.734078977402419,1.59125569830087
1329,3.1513353115727014,2.210780149191877
1330,3.2102259758046103,2.0515437215084975
1331,4.707144487559918,2.8516991297140493
1332,3.564482994750056,3.077869871529217
1333,4.085368637297421,2.7606195607128057
1334,3.60648253823328,2.741364484044758
1335,3.0582058890664237,1.0301077496891828
1336,4.369322072586169,2.4947161210111912
1337,3.9662177585026246,1.8427942395358479
1338,4.71079662177585,3.475808122668876
1339,5.590504451038577,5.939235391628678
1340,3.553526592102261,3.9984459179444674
1341,4.277105683633873,1.592783878988811
1342,5.244008217301986,1.4674730625777035
1343,2.557406984706687,2.154848736013263
1344,5.322985619721526,1.299373186904268
1345,4.958228714905273,2.471487774554499
1346,4.10865099292399,2.0472648155822615
1347,3.913261812371606,2.50877538334024
1348,5.299246747317963,3.2178512225445517
1349,4.199954348322301,2.1909138002486532
1350,4.254279844784295,1.855630957314547
1351,3.7397854371148145,1.8360702445089097
1352,4.210454234193107,3.3431620389556587
1353,4.040629993152248,1.6291545793617903
1354,4.855055923305183,2.899684003315377
1355,5.959826523624743,2.9901523000414416
1356,3.373202465190595,1.9442654372150852
1357,3.596439169139467,2.4864639452963107
1358,5.324355170052499,2.254180480729384
1359,1.9411093357680886,1.9051440116038136
1360,5.563569961196074,2.8205242436800675
1361,5.729742068020999,3.9889711976792395
1362,5.428897511983566,2.7557293825113978
1363,4.923076923076924,1.7914473684210528
1364,3.1691394658753715,1.3076253626191467
1365,5.601004336909381,2.626445296311646
1366,1.5923305181465417,1.292954828014919
1367,4.86875142661493,3.037220265230006
1368,4.778817621547592,2.734334852880232
1369,3.6160693905501042,1.3990105677579783
1370,3.857566765578635,1.785334645669292
1371,3.350833143118011,1.9207314546208047
1372,5.599634786578408,2.701326150020723
1373,4.681579548048391,2.54667426440116
1374,3.5795480483907793,2.5750984251968525
1375,4.930381191508788,2.683599254040614
1376,4.297192421821501,1.742239950269374
1377,4.428669253595069,2.828165147119769
1378,5.961196073955717,3.657050352258601
1379,5.7694590276192645,3.3835060091172813
1380,5.145857110248802,4.062629506837962
1381,4.677014380278474,1.903615830915873
1382,3.5676786121889994,1.9185920016576885
1383,3.3914631362702585,2.400580190634066
1384,5.6973293768546,3.1102673021135536
1385,3.4772882903446707,2.3917167426440136
1386,3.625656242866926,1.2938717364276844
1387,4.677927413832459,6.000362619146292
1388,3.9073270942707157,2.271601740571902
1389,4.790230540972381,2.7905719021964366
1390,4.645514722666057,3.127688561956071
1391,5.802784752339649,3.4409656029838374
1392,5.529331202921707,3.4308796104434336
1393,4.450582058890665,1.764857024450891
1394,4.2593015293312035,2.4039421881475356
1395,4.7537091988130555,2.800657894736844
1396,4.785208856425473,2.8602569415665147
1397,5.89408810773796,2.1190893079154574
1398,5.590960967815568,3.585225859925405
1399,5.188769687286008,2.5604278905926248
1400,5.674047021228031,2.7810971819312083
1401,5.386441451723351,1.9247047244094495
1402,5.904131476831773,2.046347907169498
1403,2.821273681807807,1.6013416908412774
1404,5.855740698470668,2.763981558226275
1405,4.511298790230541,2.355346042271032
1406,5.810089020771512,1.9277610857853291
1407,5.8493494635927865,2.8556723995026942
1408,3.985847979913262,1.4613603398259425
1409,2.221410636840905,1.7022016162453375
1410,3.3599634786578414,1.3403284293410695
1411,5.206117324811688,2.4757666804807315
1412,4.4797991326181235,1.3213789888106093
1413,5.414745491896827,2.132231661831746
1414,3.7142204976032875,3.52440426854538
1415,4.436430038803926,2.367571487774554
1416,3.3448984250171185,0.9023518441773732
1417,3.765350376626342,1.5603864484044758
1418,3.4453321159552623,1.6352673021135513
1419,3.8621319333485515,2.899378367177789
1420,4.718557406984707,2.9965706589307923
1421,3.6950467929696416,0.8821798590965602
1422,5.293768545994067,2.526196643182761
1423,4.8030130107281455,2.99229175300456
1424,3.655329833371376,2.0218970161624545
1425,3.7712850947272316,1.6633858267716535
1426,3.502396713079207,2.92566307501036
1427,5.919196530472496,1.1523622047244086
1428,4.8445560374343755,1.5539680895151269
1429,5.478657840675644,2.018535018648985
1430,4.301757589591418,1.3394115209283044
1431,5.029445332115956,1.8568535018648982
1432,3.8406756448299473,1.5713893493576465
1433,4.112759643916915,1.9329569001243267
1434,5.122574754622233,2.2523466639038543
1435,4.4081259986304495,4.084024036469128
1436,4.982880620862818,1.968105055946955
1437,2.5619721524766037,1.4579983423124734
1438,3.369550330974663,2.005698300870288
1439,5.614699840219128,2.609024036469128
1440,5.371376398082631,3.1053771239121417
1441,5.504679296964162,2.794850808122669
1442,5.888609906414061,2.535976999585577
1443,4.104998858708058,2.909158723580606
1444,3.4325496461994978,2.277103191048489
1445,3.908240127824698,2.075994612515541
1446,5.774024195389181,2.1747150849564867
1447,4.932207258616755,3.278367177786989
1448,5.631590960967816,5.739960629921261
1449,5.727459484136044,2.2624326564442616
1450,5.783611047706003,2.2156703273932883
1451,3.876740470212281,1.9986686697057614
1452,5.6973293768546,1.9922503108164111
1453,4.387126226888839,1.7486583091587242
1454,2.882903446701668,0.7094954413593044
1455,3.42752796165259,1.2541390385412354
1456,3.3919196530472497,1.1982076253626184
1457,3.5124400821730197,1.0209386655615424
1458,4.832686601232596,2.3293669705760456
1459,3.7991326181237173,1.4051232905097395
1460,4.262040629993153,1.9846094073767093
1461,4.651905957543941,2.633169291338584
1462,4.260214562885185,1.3791442188147531
1463,4.614471581830632,2.2046674264401176
1464,3.2426386669710126,1.053641732283465
1465,3.768089477288291,1.897503108164112
1466,2.810773795937,1.2021808951512647
1467,4.0844556037434385,3.4684728553667625
1468,4.4464734078977415,1.9085060091172812
1469,3.63022141063684,2.5613447990053877
1470,4.729970326409496,1.9317343555739737
1471,4.061629764893861,1.9448767094902606
1472,4.42593015293312,1.703729796933278
1473,3.354485277333943,1.662774554496478
1474,4.184432777904589,0.9261914629092414
1475,4.42912577037206,3.1545845420638208
1476,3.454462451495093,1.2767561127227525
1477,2.6117324811686844,1.3174057190219648
1478,2.7596439169139457,0.6092467882304182
1479,3.716503081488246,2.746254662246166
1480,2.6377539374572025,1.998057397430586
1481,2.797534809404247,2.070798798176545
1482,3.9598265236247436,3.7456848321591387
1483,5.630677927413833,4.510692084542064
1484,5.496918511755307,2.8394736842105277
1485,3.044510385756676,2.168296726067136
1486,2.979685003423875,0.8662867799419813
1487,2.6847751654873315,1.604398052217157
1488,4.016891120748688,2.1319260256941583
1489,2.9595982652362465,2.364515126398676
1490,2.8870120976945906,1.5616089929548287
1491,5.467244921250855,2.841613137173642
1492,5.9758046108194485,4.297969332780774
1493,4.688427299703263,4.405858889349359
1494,5.070531842045194,2.9956537505180294
1495,5.521113900935859,2.1945814338997103
1496,4.239214791143575,1.6545223787815992
1497,5.884957772198129,3.702284500621635
1498,4.228714905272768,3.2419964774140073
1499,2.652818991097923,1.7113707003729797
1500,5.491440310431409,2.8061593452134272
1501,4.3834740926729046,3.276533360961459
1502,5.924674731796395,3.1389970990468297
1503,5.70645971239443,2.38896601740572
1504,5.095640264779731,2.3880491089929565
1505,2.1259986304496685,1.8103968089515128
1506,5.037206117324813,2.266100290095318
1507,5.258160237388724,3.2695037297969325
1508,5.784524081259987,3.815369871529217
1509,4.106824925816025,2.062240986324077
1510,4.960967815567223,3.0885671363447993
1511,2.970098151107053,2.363903854123497
1512,4.5017119379137185,2.1698249067550788
1513,5.639351746176673,3.2890644426025717
1514,5.452179867610135,2.1154216742644003
1515,5.744350604884729,2.4473425196850394
1516,5.712850947272312,2.9100756319933687
1517,3.643460397169596,2.947974513054289
1518,5.684546907098834,1.5573300870285944
1519,4.028760556950468,2.1352880232076275
1520,2.504451038575668,0.8577289680895148
1521,4.9061858023282365,2.6732076253626187
1522,4.446929924674733,3.516152092830503
1523,4.228714905272768,2.2554030252797355
1524,4.56653732024652,3.3352154993783696
1525,5.931979000228258,4.003030460008287
1526,5.284638210454234,4.429087235806052
1527,5.5754393973978535,3.0017664732697886
1528,4.764209084683863,4.093804392871943
1529,3.9895001141291933,2.8666753004558645
1530,5.911435745263638,4.797684417737257
1531,4.540972380734993,3.3129040613344403
1532,5.069162291714221,3.3089307915457957
1533,4.338735448527734,1.9378470783257364
1534,3.9776306779274133,2.320809158723581
1535,3.9310659666742755,3.2071539577289685
1536,4.47523396484821,1.3079309987567345
1537,3.56493951152705,2.751756112722753
1538,4.410865099292399,2.3907998342312466
1539,2.86007760785209,2.6313354745130537
1540,4.3145400593471805,2.35565167840862
1541,3.3864414517233508,1.6719436386241187
1542,4.367952522255193,2.1884687111479475
1543,3.5128965989500105,3.5409086199751343
1544,5.758502624971467,4.161961251554083
1545,5.326637753937457,1.869995855781185
1546,2.6099064140607173,1.0930687940323243
1547,3.780415430267062,3.5280719021964364
1548,4.542341931065966,1.9894995855781177
1549,3.301529331202921,1.4142923746373817
1550,3.564026477973065,1.696700165768752
1551,4.7176443734307245,1.2736997513468713
1552,3.949326637753937,1.5869767923746374
1553,2.1990413147683183,1.3715033153750515
1554,2.614928098607625,2.2349254040613364
1555,5.400593471810089,1.7034241607956904
1556,3.6795252225519297,1.971772689598012
1557,5.9347181008902075,2.153014919187733
1558,3.7087422962793886,1.8846663903854128
1559,3.378680666514494,1.3962598425196848
1560,5.584113216160693,1.9653543307086616
1561,4.024195389180553,2.762147741400748
1562,5.57087422962794,1.8443224202237885
1563,2.9121205204291267,2.045125362619147
1564,3.0833143118009594,1.942125984251969
1565,2.527733394202237,1.8544084127641942
1566,4.65464505820589,0.9766214256112715
1567,3.417484592558777,1.7235961458765034
1568,5.565396028304041,2.0530719021964363
1569,3.834284409952066,1.743156858682139
1570,3.355398310887925,1.4867281392457532
1571,4.5496461994978326,5.063893493576462
1572,4.86601232595298,4.436728139245753
1573,3.5978087194704407,2.2709904682967266
1574,5.136726774708969,3.691281599668464
1575,5.541200639123487,1.4567757977621223
1576,4.916229171422049,2.8755387484459174
1577,5.677699155443962,2.2957469954413616
1578,3.637982195845697,1.553051181102362
1579,4.846838621319334,4.427559055118113
1580,5.557178726318193,4.1005283878988825
1581,4.129650764665603,1.6306827600497311
1582,2.8975119835653973,1.5163748445917944
1583,5.198813056379821,4.159210526315789
1584,5.440766948185346,2.0503211769581426
1585,4.476146998402192,2.069576253626191
1586,5.144031043140836,3.193094695399916
1587,2.4930381191508793,1.1716172813924584
1588,2.1871718785665384,0.8552838789888106
1589,3.7448071216617222,3.251776833816827
1590,4.508559689568591,3.932122876087859
1591,5.133531157270029,1.9879714048901787
1592,3.3334855055923294,1.5881993369249905
1593,4.5569504679296955,2.6334749274761715
1594,4.954120063912348,2.454983423124741
1595,3.705546678840448,1.6973114380439291
1596,3.5430267062314544,2.9525590551181096
1597,5.063227573613331,1.294177372565272
1598,5.416571559004795,1.793586821384169
1599,5.18055238530016,2.4063872772482373
1600,3.4503538005021674,1.4864225031081637
1601,3.5357224377995884,1.0148259428097794
1602,4.863273225291031,3.46419394944053
1603,4.78703492353344,4.516804807293827
1604,5.856653732024652,5.209070658930793
1605,4.5496461994978326,5.216711562370494
1606,5.226660579776307,1.7776937422295902
1607,3.822871490527277,3.248720472440946
1608,4.71673133987674,2.9348321591380038
1609,5.053184204519516,3.78022171570659
1610,5.837936544167998,2.155460008288439
1611,3.6005478201323897,2.6732076253626187
1612,3.4005934718100894,3.495980107749691
1613,4.524081259986305,2.5295586406962305
1614,4.0091303355398304,3.023161002900954
1615,5.927870349235335,4.0766887691670135
1616,5.644829947500572,2.4033309158723597
1617,5.4375713307464055,4.189774140074595
1618,5.42752796165259,1.520653750518027
1619,5.1417484592558775,3.012769374222959
1620,4.2004108650992915,1.9818586821384159
1621,3.0714448755991794,1.8507407791131374
1622,5.347637525679068,3.5461044343141332
1623,4.528189910979228,3.3349098632407816
1624,4.163433006162975,3.579113137173642
1625,4.0433690938141975,2.4452030667219247
1626,5.787719698698928,4.610940737670952
1627,5.957543939739785,2.14231765437215
1628,5.041771285094727,2.7694830087028617
1629,3.554439625656243,1.550606092001658
1630,3.9831088792513123,1.841877331123083
1631,4.902533668112302,2.5665406133443835
1632,5.737502853229857,3.6381009117281407
1633,3.7991326181237173,1.953740157480315
1634,3.5380050216845467,2.1117540406133433
1635,5.968500342387583,3.056475341898054
1636,5.370006847751655,2.9226067136344818
1637,5.5393745720155225,3.0078791960215505
1638,4.327322529102945,2.212308329879819
1639,3.5370919881305642,3.089789680895151
1640,3.4088107737959374,2.636225652714465
1641,4.988358822186714,3.3734200165768775
1642,5.611960739557179,5.5935609200165795
1643,4.213193334855057,2.6814598010774957
1644,5.82104542341931,3.07145151263987
1645,3.552157041771285,2.7869042685453795
1646,4.09084683862132,2.3367022378781597
1647,5.530244236475689,2.235536676336512
1648,4.724492125085597,1.6798901782014097
1649,3.989956630906187,1.8813043928719437
1650,4.235106140150649,1.6924212598425195
1651,5.482309974891578,2.67167944467468
1652,5.610591189226206,2.732195399917117
1653,3.2768774252453787,1.4417996270203068
1654,4.7400136955033085,3.104460215499379
1655,4.116411778132847,1.7550766680480732
1656,3.1860305866240592,1.575668255283879
1657,3.515179182834969,2.1863292581848333
1658,5.264094955489614,3.0091017405719023
1659,4.958228714905273,2.3596249481972644
1660,4.2332800730426845,3.2474979278905947
1661,3.2234649623373666,1.6606351015333618
1662,4.288975119835653,2.343731869042686
1663,5.226660579776307,2.223005594695399
1664,3.7014380278475225,1.742239950269374
1665,5.983565396028303,3.1533619975134695
1666,4.220041086509929,2.683293617903026
1667,4.235562656927643,1.978802320762538
1668,5.874457886327322,1.6734718193120595
1669,3.074183976261129,1.8816100290095317
1670,5.5617438940881065,3.733459386655617
1671,5.235790915316137,1.9164525486945705
1672,4.4409952065738425,3.0907065893079175
1673,3.3782241497375027,1.7242074181516789
1674,4.511298790230541,1.3834231247409856
1675,3.8064368865555807,1.2556672192291762
1676,3.3407897740241954,1.6028698715292165
1677,3.3841588678383925,2.4922710319104855
1678,4.544167998173934,3.656439079983425
1679,2.5537548504907552,1.649632200580191
1680,3.8009586852316817,1.8018389970990463
1681,3.6073955717872623,1.1920949026108576
1682,3.5256790687057755,2.8465033153750534
1683,4.3528874686144725,2.1979434314131794
1684,5.263181921935632,2.4537608785743896
1685,5.194704405386899,2.714774140074596
1686,5.9155443962565615,2.338230418566102
1687,3.7224377995891356,2.690323249067552
1688,5.914174845925588,2.5812111479486113
1689,3.029901848892947,2.0295379196021557
1690,5.440310431408355,2.6527300041442197
1691,4.772426386669711,2.6405045586406977
1692,3.27733394202237,1.5988966017405715
1693,1.3252682036064838,1.0264401160381278
1694,5.732024651905958,5.407428512225447
1695,4.104542341931067,3.0729796933278086
1696,4.124172563341704,1.6077600497306261
1697,5.159552613558547,2.6563976377952763
1698,5.643003880392604,4.744503729796933
1699,5.593243551700524,4.872870907583921
1700,5.994521798676101,4.281464981351015
1701,3.2741383245834297,3.3043462494819753
1702,4.917598721753025,5.838069830087031
1703,5.255877653503766,2.890209283050145
1704,2.41725633417028,1.3091535433070876
1705,2.8541428897511976,1.52187629506838
1706,5.563113444419082,2.643560920016579
1707,3.6461994978315455,1.1933174471612102
1708,5.123487788176216,3.305874430169914
1709,5.548048390778362,3.4443276004973065
1710,5.367267747089705,5.121353087443017
1711,3.5293312029217074,2.208640696228762
1712,4.343757133074642,2.2282014090343982
1713,5.643460397169596,1.1425818483215908
1714,5.0604884729513815,1.368446953999172
1715,4.902077151335311,2.8324440530460016
1716,3.209312942250628,2.158210733526732
1717,2.800730426843187,1.4610547036883548
1718,5.496461994978317,4.1213116452548695
1719,4.932207258616755,2.360541856610028
1720,2.821730198584798,2.082412971404892
1721,4.449212508559691,2.4228916286779953
1722,5.311116183519745,3.464499585578118
1723,5.093357680894773,1.9635205138831349
1724,5.138096325039945,4.677263779527561
1725,5.273681807806436,3.7151212184003324
1726,4.468386213193335,2.611774761707418
1727,5.957087422962794,1.7486583091587242
1728,4.504907555352659,2.0472648155822615
1729,5.149965761241726,4.364903646912557
1730,3.3312029217073738,1.8265955242436793
1731,3.601460853686372,2.0958609614587647
1732,5.225291029445334,3.1918721508495653
1733,5.720611732481168,4.35817965188562
1734,4.906642319105227,2.1942757977621223
1735,5.044053868979685,2.2013054289266485
1736,4.060260214562885,1.73490468296726
1737,3.0572928555124412,0.976927061748861
1738,2.887925131248573,2.416473269788645
1739,4.341474549189684,2.419835267302114
1740,4.999771741611503,2.2447057604641523
1741,3.8374800273910066,1.3476636966431834
1742,5.335768089477288,3.8107853294653964
1743,5.5311572700296745,5.04708350600912
1744,5.734307235790916,2.3932449233319524
1745,3.3343985391463145,2.410360547036886
1746,3.657155900479343,2.055516991297142
1747,5.273225291029445,2.0335111893908007
1748,4.36977858936316,1.7089256112722757
1749,3.552613558548276,2.004170120182345
1750,3.9237616982424095,1.7954206382096976
1751,5.7886327322529105,1.99377849150435
1752,4.722209541200638,2.678709075839206
1753,5.205660808034696,5.196539577289683
1754,4.80164346039717,4.231035018648986
1755,2.0182606710796636,1.515763572316619
1756,3.9105227117096564,2.8957107335267325
1757,4.5569504679296955,2.1346767509324485
1758,3.632503994521798,1.928677994198094
1759,4.094042456060261,1.4381319933692498
1760,2.9107509700981504,1.5915613344384578
1761,4.044738644145173,2.3999689183588906
1762,5.333485505592329,2.5967985909656024
1763,5.653960283040402,4.309889142146707
1764,3.95845697329377,1.4130698300870288
1765,4.844099520657385,4.542783878988813
1766,2.246975576352432,1.4781703273932865
1767,5.627025793197899,1.8660225859925406
1768,4.131933348550558,2.22606195607128
1769,5.772654645058205,3.3098476999585587
1770,5.538005021684547,2.0457366348943227
1771,4.17895457658069,2.155154372150851
1772,1.9602830404017346,1.3834231247409856
1773,4.849121205204292,3.5788075010360543
1774,4.823099748915774,2.0182293825113975
1775,5.57680894772883,2.0625466224616646
1776,4.6628623601917365,3.3990934521342724
1777,5.653960283040402,2.2116970576046437
1778,4.280757817849805,5.669664318276007
1779,4.462451495092444,1.5087339411520928
1780,3.047706003195617,1.8385153336096154
1781,4.377082857795023,1.8339307915457932
1782,4.637297420680209,2.1945814338997103
1783,2.453777676329605,1.3033464566929143
1784,4.293083770828579,2.335479693327809
1785,4.674731796393519,2.7801802735184413
1786,3.293768545994067,2.0992229589722338
1787,3.423875827436658,3.30831951927062
1788,4.859164574298105,2.2874948197264806
1789,3.8918055238530016,2.7248601326150035
1790,4.927642090846838,3.162225445503522
1791,5.702807578178499,1.9916390385412357
1792,3.6973293768546,1.6126502279320343
1793,5.249942935402876,1.7890022793203488
1794,5.654873316594385,3.742628470783257
1795,4.225519287833828,2.6508961873186894
1796,2.8783382789317513,2.9305532532117713
1797,3.4316366126455153,1.7743317447161213
1798,4.401278246975577,1.5114846663903847
1799,5.245834284409953,3.089178408619975
1800,3.6850034238758287,2.1484303771239124
1801,4.222323670394887,3.8223995026937425
1802,5.138096325039945,2.0286210111893923
1803,2.9600547820132403,2.2761862826357224
1804,4.193563113444419,1.4488292581848328
1805,5.652134215932436,1.9934728553667622
1806,5.263638438712623,2.180827807708246
1807,4.260214562885185,2.902129092416079
1808,4.4797991326181235,2.2737411935350202
1809,2.609449897283726,2.3107231661831737
1810,5.888609906414061,3.6573559883961884
1811,5.646199497831545,2.799740986324077
1812,4.036064825382334,1.344301699129714
1813,3.926500798904359,2.431143804392873
1814,3.2860077607852096,1.3583609614587646
1815,5.496005478201323,2.9210785329465394
1816,4.641406071673135,4.474015748031499
1817,4.824012782469756,4.025647534189805
1818,1.8858708057521114,2.1438458350600924
1819,3.4202236932207266,2.114810401989225
1820,4.935859392832686,2.583656237049317
1821,2.2771056836338732,1.8541027766266065
1822,3.5398310887925137,0.8800404061334439
1823,3.9502396713079215,1.207987981765438
1824,4.317735676786121,2.6823767094902626
1825,3.341702807578178,2.750533568172402
1826,5.784067564482994,4.595964566929137
1827,3.059575439397397,1.338494612515541
1828,4.591189226204063,2.1313147534189794
1829,3.574982880620863,2.285966639038542
1830,4.16115042227802,1.921953999171156
1831,4.7756220041086515,1.7902248238707
1832,5.884501255421138,2.9880128470783274
1833,3.837936544167998,1.696700165768752
1834,4.113672677470897,2.2502072109407396
1835,5.609221638895229,2.1560712805636144
1836,3.410180324126911,2.346788230418567
1837,4.3446701666286245,2.4036365520099476
1838,3.3366811230312727,2.0148673849979284
1839,3.0349235334398545,2.3330346042271026
1840,4.8865555809176,1.762411935350187
1841,2.599863044966902,1.7954206382096976
1842,3.9128052955946147,2.9693690426854555
1843,5.01346724492125,6.1000000000000005
1844,5.823328007304268,3.691281599668464
1845,4.80209997717416,3.5638313302942386
1846,3.9114357452636384,1.5878937007874008
1847,6.0,3.5656651471197693
1848,5.678612188997945,2.2621270203066737
1849,5.218443277790459,2.874927476170742
1850,3.717872631819219,2.1475134687111495
1851,4.90755535265921,2.72394322420224
1852,4.659210225975804,1.6215136759220885
1853,4.620406299931524,1.4720576046415255
1854,4.544167998173934,2.2703791960215507
1855,3.8580232823556257,2.484324492333196
1856,4.22917142204976,3.337049316203896
1857,5.2905729285551235,1.8999481972648162
1858,2.969641634330062,1.5365468296726075
1859,5.923305181465419,2.144457107335268
1860,5.27733394202237,2.8727880232076273
1861,5.626569276420908,1.3962598425196848
1862,3.946131020314996,0.8855418566100295
1863,5.959826523624743,3.2594177372565287
1864,4.121889979456745,1.6973114380439291
1865,3.428897511983566,1.6386292996270204
1866,3.2978771969869896,1.2953999171156232
1867,3.2686601232595307,1.7877797347699957
1868,5.161378680666514,3.140219643597184
1869,5.620178041543027,4.448036676336512
1870,3.1983565396028304,2.151486738499794
1871,5.018945446245149,2.46292996270203
1872,4.5551244008217315,2.366348943224203
1873,5.654416799817394,5.564525486945712
1874,4.545537548504907,2.983733941152095
1875,3.270942707144489,1.426212184003316
1876,5.779045879936088,4.321197679237466
1877,5.014836795252227,3.264307915457937
1878,4.234649623373659,1.2052372565271445
1879,4.2168454690709885,2.5411728139245766
1880,3.9242182150194034,1.7963375466224627
1881,5.220269344898425,1.4060401989225026
1882,2.987445788632732,2.1169498549523427
1883,5.729742068020999,3.0515851636966427
1884,5.606026021456289,3.115157480314961
1885,3.836566993837024,2.0646860754247824
1886,2.9719242182150203,1.388924575217571
1887,4.347865784067564,4.353595109821799
1888,4.912577037206118,2.3749067550766676
1889,5.742068020999773,3.6665250725238288
1890,5.787263181921935,1.6233474927476172
1891,4.357452636384386,1.8644944053046
1892,3.793197900022827,4.419918151678412
1893,4.317735676786121,3.1087391214256113
1894,3.0120976945902767,1.037137380853709
1895,4.852316822643233,2.377963116452549
1896,4.645971239443049,3.2141835888934946
